PDB File,LIS Score
HSPDZ_TNF_unrelaxed_rank_001_alphafold2_multimer_v3_model_1_seed_000.pdb,0.6667955915990851
PDZ3_KALIRIN7_unrelaxed_rank_001_alphafold2_multimer_v3_model_1_seed_000.pdb,0.6602812305779987
PDZ3_SYNGAP_unrelaxed_rank_001_alphafold2_multimer_v3_model_1_seed_000.pdb,0.6791425692253767
PDZ3_VANGL2_unrelaxed_rank_001_alphafold2_multimer_v3_model_1_seed_000.pdb,0.6525464499004645
HSPDZ_ALANINE_unrelaxed_rank_001_alphafold2_multimer_v3_model_5_seed_000.pdb,0.35845721925133694
HSPDZ_ENDOZEPINE_unrelaxed_rank_001_alphafold2_multimer_v3_model_3_seed_000.pdb,0.4789503149055284
PDZ3_HEXAPEPTIDE_unrelaxed_rank_001_alphafold2_multimer_v3_model_1_seed_000.pdb,0.7175178705793831
HSPDZ_GLYCINE_unrelaxed_rank_001_alphafold2_multimer_v3_model_2_seed_000.pdb,0.37719814241486066
PDZ3_CITRON_unrelaxed_rank_001_alphafold2_multimer_v3_model_1_seed_000.pdb,0.6101905644829008
HSPDZ_MOTIF_unrelaxed_rank_001_alphafold2_multimer_v3_model_5_seed_000.pdb,0.41426793557833097
HSPDZ_NMDA_unrelaxed_rank_001_alphafold2_multimer_v3_model_4_seed_000.pdb,0.3594392279603547
